country,country.code,g- Disability Adjusted Life Years (DALYs),g- HIV population (15+) Total Region; Male+Female,g- HIV population (15+) Total Region; Male+Female - Lower,g- HIV population (15+) Total Region; Male+Female - Upper,HIV prevalence (15+),g- HIV population Total Region; Male+Female,g- HIV population; Male+Female - Lower,g- HIV population; Male+Female - Upper,HIV prevalence (ALL),g- Percent of adults(15+) living with HIV receiving ART,g- Percent of adults(15+) living with HIV receiving ART - Lower,g- Percent of adults(15+) living with HIV receiving ART - Upper,g- Percent of children(0-14) living with HIV receiving ART,g- Percent of children(0-14) living with HIV receiving ART - Lower,g- Percent of children(0-14) living with HIV receiving ART - Upper,g- Percent of People living with HIV receiving ART,g- Percent of People living with HIV receiving ART - Lower,g- Percent of People living with HIV receiving ART - Upper,g- Population aged 15-64 Total Region; Male+Female,g- Population aged 65+ Total Region; Male+Female,g- Total population Total Region; Male+Female,g-Total number receiving ART
Afghanistan,AFG,13361200,6698,3612,15158,0.000368642,6931,3783,15548,0.000216461,5.04628,2.72129,11.4201,11.1588,6.41751,21.2161,5.25177,2.86646,11.7811,17343900,825484,32019600,364
Albania,ALB,363877,1419,654,2472,0.000615968,1454,669,2526,0.000514776,28.6822,13.2193,49.9664,44.4444,22.2222,70.3704,29.0922,13.3856,50.5411,1947380,356312,2824530,423
Algeria,DZA,6178350,8574,6636,10384,0.000308234,8812,6831,10639,0.000225434,85.526,66.1944,103.581,245.57,206.196,288.052,89.8207,69.6284,108.443,25452300,2364250,39089000,7915
Angola,AGO,20615200,290051,204656,405407,0.020791447,315394,223151,443946,0.012058466,29.0197,20.4759,40.5611,23.8014,16.0364,34.4019,28.6004,20.2357,40.2577,13327600,622896,26155400,90204
Argentina,ARG,6472150,108823,98455,119304,0.003376037,109710,99348,120229,0.002552422,63.3441,57.3091,69.445,180.248,163.77,200.185,64.2877,58.2158,70.4516,27525800,4708150,42982700,70530
Armenia,ARM,502028,3596,2849,4869,0.001501001,3611,2868,4891,0.001214561,25.5006,20.2033,34.5279,160,74.6667,266.667,26.0593,20.6973,35.2966,2108680,287055,2973090,941
Australia,AUS,2376200,26833,24462,30388,0.001382513,26854,24480,30411,0.001129953,90.0011,82.0485,101.925,90.4762,73.2426,112.018,90.0015,82.045,101.923,15752000,3656860,23765600,24169
Austria,AUT,1082180,7706,6404,9522,0.001056185,7707,6405,9523,0.000906302,76.5637,63.6276,94.6068,101.785,82.9231,105.608,76.5665,63.6316,94.6079,5701720,1594350,8503790,5900.98
Azerbaijan,AZE,2016770,10571,7345,14512,0.001394487,10659,7400,14635,0.001097413,28.0011,19.4559,38.4403,82.9545,51.8466,133.858,28.4548,19.7547,39.069,6935910,644656,9712840,3033
Bahamas,BMH,63628,8057,7413,8908,0.026274511,8112,7466,8963,0.021004389,36.5272,33.6076,40.3853,89.0909,77.7521,105.289,36.8836,33.9464,40.753,271793,34854,386205,2992
Bangladesh,BGD,38522300,9344,8120,10746,7.68E-05,9636,8392,11060,5.67E-05,14.908,12.9551,17.1448,30.7167,25.8943,34.9101,15.3902,13.4033,17.6646,113571000,8055150,170075000,1483
Barbados,BRB,51490,2623,2439,2852,0.011506808,2635,2451,2864,0.009357477,43.1186,40.0939,46.883,72.7273,66.1157,85.9504,43.2258,40.2074,46.9824,190263,37689,281593,1139
Belarus,BLR,2559580,34989,28717,42966,0.004530376,35226,28860,43397,0.003929031,20.5036,15.8459,23.7084,93.7715,34.0268,180.421,19.7697,16.197,24.3555,6383970,1339230,8965570,7392
Belgium,BEL,1531050,24672,23068,26821,0.002633096,24677,23073,26825,0.002183631,84.9992,79.4731,92.4029,100,80,100,85.0022,79.4771,92.4012,7327730,2042230,11300900,20976
Belize,BLZ,63938,3440,3058,3870,0.014073732,3552,3160,3987,0.009881736,45.0291,40.0287,50.6577,80.3571,62.4203,99.0115,46.143,41.0507,51.794,231812,12615,359451,1639
Benin,BEN,,64310,50580.6,85281.2,0.010366232,69068,54167.6,91884.4,0.006371117,49.3811,38.8389,65.4841,38.7849,28.5841,52.4817,48.6506,38.1549,64.7222,5869050,334747,10840800,33602
Bhutan,BTN,171990,2360,1161,10923,0.004240753,2422,1197,11132,0.003185501,8.89831,4.37751,41.1848,6.45161,3.64204,21.2279,8.83567,4.36676,40.6105,518441,38064,760320,214
Bolivia,BOL,3027990,17848,10956,24162,0.002478062,18213,11270,24789,0.001711475,28.5802,17.544,38.6909,47.5275,29.3782,71.8135,28.9573,17.9185,39.4127,6543790,658613,10641700,5274
Bosnia and Herzegovina,BIH,651650,370,313,426,0.000113321,372,315,428,9.85E-05,33.7838,28.5793,38.897,50,50,50,33.871,28.6811,38.9698,2678370,586696,3777890,126
Botswana,BWA,579193,340389,317894,363882,0.223573442,348928,325790,372102,0.157937428,77.6999,72.565,83.0626,99.4378,84.6118,116.628,78.2316,73.0439,83.4274,1437610,84883,2209280,272972
Brazil,BRA,32441600,819210,604811,1094500,0.005201264,826698,610874,1105110,0.004063636,55.2031,40.7556,73.7538,75.5475,60.5652,107.934,55.3873,40.9275,74.0401,141196000,16306100,203438000,457886
Brunei Darussalam,BRN,27509,26,15,50,8.06E-05,27,15,52,6.55E-05,38.4615,22.1893,73.9645,0,0,0,37.037,20.5761,71.3306,306455,16019,412028,10
Bulgaria,BGR,1690590,3032,2524,3514,0.000497323,3044,2535,3527,0.00042623,27.0119,22.4861,31.306,41.6667,34.7222,45.1389,27.0696,22.5432,31.3649,4694580,1402060,7141690,824
Burkina Faso,BFA,10975300,87591,72458,106159,0.008848676,95283,78578,115800,0.005262074,57.0321,47.1787,69.1221,30.5343,23.9178,38.2502,54.8933,45.2694,66.7133,9445870,452899,18107500,52304
Burundi,BDI,8004680,68274,53052,82378,0.011096837,77390,60899,91828,0.006905937,57.8771,44.9731,69.8333,29.1136,23.6237,34.0447,54.489,42.8779,64.6545,5882300,270264,11206300,42169
Cambodia,KHM,3715060,70103,63570,77563,0.006362684,74104,67322,82016,0.004752358,72.8756,66.0842,80.6307,96.025,80.2769,111.797,74.1242,67.3404,82.0384,10112100,905735,15593100,54929
Cameroon,CMR,13820400,580490,515114,652051,0.043232059,619216,550176,691631,0.026678271,27.7615,24.635,31.1839,18.3236,16.2479,20.6601,27.1713,24.1418,30.3489,12674900,752404,23210500,168249
Canada,CAN,3978980,77296,71214,83756,0.002574318,77378,71296,83839,0.002173979,66.9698,61.7003,72.5668,93.9759,86.0502,101.902,66.9997,61.7334,72.5941,24193500,5832320,35592800,51843
Cape Verde,CPV,72770,3086,2589,3782,0.00868464,3223,2703,3934,0.006401077,41.8017,35.0695,51.2294,47.4453,37.7484,61.6442,42.0416,35.2586,51.316,332853,22487,503509,1355
Central African Republic,CAF,3567700,109335,95495,123719,0.036141233,118776,104828,133362,0.024041924,23.6887,20.6901,26.8051,25.4555,22.8452,27.788,23.8289,21.0306,26.7551,2843720,181495,4940370,28303
Chad,TCD,11935900,147843,118902,188586,0.020374984,165590,134300,209355,0.01197957,37.7319,30.3457,48.1302,21.6274,17.4728,26.8411,36.0058,29.2021,45.522,6915890,340214,13822700,59622
Chile,CHL,1767060,32294,21901,45360,0.002267277,32298,21904,45366,0.001818202,86.5114,58.6699,121.514,2880,2304,3456,86.9466,58.9658,122.126,12281800,1961720,17763700,28082
China,CHN,193573000,834774,526520,1380360,0.000732111,839643,530364,1387680,0.000601839,45.7775,28.8734,75.6966,45.7794,29.3913,68.1755,45.7776,28.9156,75.6567,1007310000,132918000,1395130000,384368
Colombia,COL,7866010,144531,129637,158963,0.004005679,145966,131007,160526,0.00307561,57.378,51.4652,63.1074,63.9721,57.6418,71.417,57.4428,51.5559,63.1727,32725800,3355720,47459200,83847
Congo,COG,1797030,71174,60068,81260,0.026396748,76931,65492,87166,0.016422001,27.4398,23.1581,31.3283,20.8963,18.6604,23.2157,26.9501,22.9429,30.5356,2531140,165177,4684630,20733
Costa Rica,CRI,513274,9923,8910,10981,0.00269998,10044,9023,11103,0.002134614,56.0113,50.2933,61.9833,53.2787,48.0382,59.3926,55.9837,50.2928,61.8864,3240740,434472,4705300,5623
Cote dIvoire,CIV,,435671,370543,500116,0.031442174,464662,395881,531871,0.01995645,35.4001,30.1082,40.6365,23.9549,19.7785,28.0335,34.6861,29.5517,39.7031,12910900,945362,23283800,161173
Croatia,HRV,777412,1773,1490,2047,0.000492887,1775,1491,2048,0.000419828,51.9459,43.6544,59.9736,300,300,600,52.0563,43.7273,60.0627,2796110,801061,4227920,924
Cuba,CUB,1509210,21906,18653,23912,0.002334546,21935,18682,23938,0.001957626,68.7209,58.516,75.0139,100,82.7586,117.241,68.7623,58.5647,75.0413,7814310,1569100,11204900,15083
Cyprus,CYP,117392,800,732,894,0.000822724,809,740,903,0.00069733,91.875,84.0656,102.67,100,88.8889,111.111,91.9654,84.1216,102.651,823895,148485,1160140,744
Czech Republic,CZE,1621400,4157,3874,4488,0.000467172,4157,3874,4488,0.000395912,34.8328,32.4615,37.6064,0,0,0,34.8328,32.4615,37.6064,6992310,1905910,10499800,1448
Democratic People Republic of Korea,PRK,5055670,2680,1807,3798,0.000136842,2704,1826,3827,0.0001094,60.0746,40.5055,85.1356,0,0,0,59.5414,40.2081,84.2696,17158600,2426000,24716600,1610
Democratic Republic of the Congo,COD,62177500,332143,259691,412620,0.008414555,374097,294936,459500,0.005253721,34.0465,26.6198,42.2958,21.893,17.745,26.7941,32.6835,25.7675,40.1449,37461900,2010540,71206100,122268
Denmark,DNK,765795,6771,6164,7292,0.001433295,6772,6165,7293,0.001195193,72.9582,66.4177,78.572,101.821,89.0242,112.348,72.9611,66.4213,78.5743,3646050,1078030,5666030,4940.92
Djibouti,DJI,347849,8484,5943,11984,0.014715703,9372,6590,13158,0.011019439,22.0533,15.4482,31.1512,8.32396,5.80524,11.7603,20.7533,14.5929,29.137,538566,37961,850497,1945
Dominican Republic,DOM,1960270,65808,51712,89573,0.009181514,67880,53477,92340,0.006615598,46.3652,36.4338,63.1089,39.0444,26.9467,61.4309,46.1417,36.3512,62.7685,6508530,658915,10260600,31321
Ecuador,ECU,2373320,28660,22706,34323,0.002545664,29113,23080,34828,0.001840859,52.2401,41.3874,62.5623,147.577,117.997,180.733,53.7286,42.5946,64.2757,10185000,1073360,15814900,15642
Egypt,EGY,14848500,11220,6965,18540,0.000184667,11493,7154,18917,0.000126225,18.4848,11.4748,30.5445,26.7399,17.7287,42.8035,18.6809,11.6282,30.748,55929800,4828060,91051400,2147
El Salvador,SLV,1105190,19498,17855,21402,0.004518376,19847,18198,21755,0.003338728,54.0055,49.4548,59.2792,78.2235,70.3787,83.6028,54.4314,49.9089,59.6642,3858790,456477,5944480,10803
Equatorial Guinea,GNQ,477549,25027,22841,27396,0.046867568,27391,25250,29768,0.031212076,33.0203,30.1362,36.146,10.3638,9.4826,11.28,31.0649,28.6368,33.7608,506840,27154,877577,8509
Eritrea,ERI,1067240,12787,10139,16363,0.006330477,14139,11063,17994,0.003930841,62.2585,49.3657,79.6697,34.7633,25.3525,46.7196,59.6294,46.6568,75.8874,1941100,78811,3596940,8431
Estonia,EST,255883,5853,5369,6492,0.005484229,5872,5388,6513,0.004599718,59.2858,54.3833,65.7584,160,144,176,59.639,54.7232,66.1493,820575,246667,1276600,3502
Ethiopia,ETH,32869700,639917,545081,753325,0.010860724,706950,603750,831805,0.00712736,56.9002,48.4676,66.9842,32.8331,27.3933,39.7188,54.6181,46.645,64.2643,55363500,3556790,99188200,386123
Fiji,FJI,166253,721,537,1105,0.001150394,733,546,1124,0.000832392,35.3675,26.3417,54.2041,33.3333,25,63.8889,35.3342,26.3199,54.1824,573885,52857,880595,259
Finland,FIN,753629,3752,3427,4187,0.000811375,3753,3428,4188,0.000677975,95.016,86.7857,106.032,101.835,88.7261,117.559,95.0092,86.7816,106.021,3513570,1110680,5535600,3565.69
France,FRA,8044940,184899,170115,203624,0.003549348,185081,170277,203823,0.002897532,74.0729,68.1502,81.5743,0,0,0,74,68.081,81.4936,39991200,12102600,63875400,136960
Gabon,GAB,601828,44049,37270,51299,0.036913137,46691,39873,54214,0.024655574,58.2578,49.2922,67.8465,52.0439,44.1447,60.2386,57.9062,49.4505,67.2363,1088040,105275,1893730,27037
Gambia,GMB,943423,18667,15272,22379,0.017494583,20503,16814,24707,0.0103768,24.5567,20.0905,29.4399,23.8562,19.3864,29.5084,24.494,20.0869,29.5163,1020850,46166,1975850,5022
Georgia,GEO,762432,9598,7678,12088,0.00295852,9642,7716,12144,0.00244389,31.1627,24.9289,39.2473,120.455,104.029,147.831,31.5702,25.264,39.7624,2697580,546610,3945350,3044
Germany,DEU,11769800,90277,83312,98156,0.001288975,90424,83458,98329,0.001125014,85.6254,79.0192,93.0984,101.351,90.3944,117.787,85.652,79.0537,93.1399,52964000,17073800,80375900,77450
Ghana,GHA,11168600,255985,213915,304679,0.015717566,274562,230835,326591,0.010308432,34.8118,29.0906,41.4338,26.5597,21.9146,31.711,34.2535,28.7982,40.7444,15383100,903455,26634700,94047
Greece,GRC,1598280,16130,15007,17525,0.001748709,16156,15032,17551,0.001498187,49.7396,46.2767,54.0413,100,96.1538,107.692,49.8205,46.3544,54.1223,6939930,2284020,10783700,8049
Guatemala,GTM,3187760,52630,36837,76886,0.005109352,54585,38463,79677,0.003373318,29.373,20.5589,42.9103,43.7852,31.6015,64.4347,29.8892,21.0612,43.6288,9543440,757280,16181400,16315
Guinea,GIN,6316900,109785,93215,128860,0.015096281,116802,99670,136455,0.009268897,29.1415,24.7431,34.2048,21.8327,18.7866,24.9348,28.7024,24.4925,33.5319,6879730,392591,12601500,33525
Guinea-Bissau,GNB,1262240,35662,30494,41248,0.03325246,39568,34106,45398,0.021912103,26.9138,23.0136,31.1295,15.3315,13.7304,17.2189,25.7708,22.2134,29.5679,1014010,58452,1805760,10197
Guyana,GUY,200868,7628,7083,8483,0.013609812,7776,7234,8655,0.009784726,57.6036,53.4879,64.0602,106.081,84.5782,170.59,58.5262,54.4469,65.142,528983,31495,794708,4551
Haiti,HTI,,124016,103702,150160,0.016954322,133519,111691,160819,0.012372837,53.206,44.4907,64.4227,30.142,24.1727,36.7745,51.5649,43.135,62.1082,6806000,508713,10791300,68849
Honduras,HND,1438250,19256,16329,22710,0.003590612,20027,17011,23560,0.002560824,51.3295,43.5271,60.5366,74.3191,59.089,91.0915,52.2145,44.3512,61.4258,4989000,373874,7820530,10457
Hungary,HUN,2107540,4591,3731,5311,0.00054273,4598,3736,5317,0.000463861,30.9954,25.1893,35.8564,142.857,122.449,183.673,31.1657,25.323,36.0392,6708460,1750630,9912450,1433
Iceland,ISL,29528,419,354,486,0.001601021,420,355,487,0.001277333,77.8043,65.7344,90.2456,100,82.92,100,77.8571,65.8078,90.2772,217264,44444,328810,327
India,IND,,1979050,1627720,2471230,0.002248798,2118060,1743890,2638600,0.001665862,43.8677,36.08,54.7775,36.6726,31.9467,42.3865,43.3954,35.7293,54.0603,807618000,72430000,1271450000,919141
Indonesia,IDN,52564900,675509,589095,776859,0.003663915,692777,603220,794833,0.002721821,8.93519,7.79216,10.2758,15.6822,12.9541,18.2532,9.10336,7.92655,10.4444,171055000,13313100,254527000,63066
Iran (Islamic Republic of),IRN,8700690,71262,48660,122451,0.001203462,73175,50072,125297,0.000941607,8.77186,5.98971,15.0729,12.1798,8.63984,18.0055,8.86095,6.06335,15.1725,55214300,3999870,77712900,6484
Ireland,IRL,465888,6955,3830,12084,0.001928941,6957,3831,12087,0.001506672,74.9964,41.2992,130.303,100,43.48,150,75.0036,41.3021,130.31,2989090,616515,4617460,5218
Israel,ISR,655981,8621,7930,9552,0.001494226,8623,7932,9554,0.001077879,72.857,67.0173,80.725,100,100,150,72.8633,67.0244,80.7301,4873240,896304,7999970,6283
Italy,ITA,7556760,135417,123384,151584,0.002646869,136785,124625,153068,0.002308187,65.5937,59.7651,73.4247,101.754,84.7953,122.433,65.9553,60.092,73.8067,37894500,13266700,59260800,90217
Jamaica,JAM,482748,28703,24676,33274,0.01387636,29038,24953,33669,0.010589849,31.697,27.25,36.7448,198.806,151.33,272.987,33.6249,28.8946,38.9874,1829990,238492,2742060,9764
Japan,JPN,16575100,24153,20384,28626,0.000222194,24166,20396,28643,0.000193432,86.7387,73.2034,102.802,100,76.9231,130.769,86.7458,73.2131,102.816,76094700,32607600,124933000,20963
Kazakhstan,KAZ,3910720,22873,19612,26781,0.001758189,23134,19836,27121,0.001290434,25.8208,22.1396,30.2325,145.211,105.709,208.08,27.1678,23.2947,31.85,11839100,1170310,17927300,6285
Kenya,KEN,,1419530,1191460,1655940,0.055800868,1517670,1275180,1767240,0.035720388,58.1949,48.8447,67.8865,72.903,60.442,87.9406,59.146,49.6955,68.8722,24202100,1237110,42487500,897644
Kyrgyzstan,KGZ,1076960,7960,6265,10143,0.001945095,8098,6396,10345,0.001341113,21.6332,17.0266,27.566,282.482,212.377,377.33,26.0435,20.5698,33.2699,3847090,245256,6038270,2109
Lao People Democratic Republic,LAO,1705410,10050,8970,11340,0.002288468,10436,9338,11770,0.001557075,36.3881,32.4777,41.0588,57.513,49.7651,64.8138,37.1694,33.2587,41.9207,4131220,260364,6702310,3879
Latvia,LVA,485423,6821,6079,7697,0.004198616,6844,6100,7721,0.003572006,19.8211,17.665,22.3667,156.522,136.106,183.743,20.2805,18.0759,22.8793,1244790,379793,1916010,1388
Lebanon,LBN,491322,2384,2079,2693,0.000534932,2399,2093,2707,0.000411212,37.1225,32.3732,41.9341,33.3333,28.8889,35.5556,37.0988,32.3667,41.8618,3982340,474301,5833970,890
Lesotho,LSO,1114970,294806,267374,319362,0.221331808,308068,280367,332834,0.149599134,41.2682,37.4281,44.7056,56.2962,50.8669,61.4283,41.9151,38.1462,45.2847,1242910,89054,2059290,129127
Liberia,LBR,1898790,26345,21774,31475,0.010331445,30205,25280,35462,0.00687651,26.5781,21.9667,31.7535,10.0777,8.86108,11.4719,24.4695,20.4797,28.7282,2414400,135582,4392490,7391
Lithuania,LTU,717935,2127,1908,2383,0.000884535,2129,1910,2385,0.000749899,26.3752,23.6595,29.5496,250,250,250,26.5853,23.8506,29.782,1883750,520903,2839050,566
Luxembourg,LUX,62818,1847,1164,2168,0.003892461,1856,1169,2177,0.00330671,37.791,23.8163,44.3589,22.2222,9.87654,27.1605,37.7155,23.7551,44.2385,392405,82102,561283,700
Madagascar,MDG,7019350,44096,35706,54039,0.003137301,47903,39182,58050,0.00199929,2.76215,2.23661,3.38498,0.420278,0.361327,0.48486,2.57604,2.10706,3.12171,13358400,696995,23960000,1234
Malawi,MWI,5780880,892553,822942,968479,0.093892935,976281,901933,1055130,0.05669855,60.915,56.1642,66.0968,61.4939,55.1945,67.847,60.9646,56.3219,65.8885,8964620,541452,17218800,595186
Malaysia,MYS,3981120,91149,79633,105596,0.003924332,91648,80135,106148,0.003004094,27.6613,24.5036,32.4926,99.2804,91.1231,108.631,28.4338,24.8619,32.9324,21397700,1828930,30507700,25700
Maldives,MDV,27213,25,24,36,9.89E-05,26,25,37,7.38E-05,36,34.56,51.84,0,0,0,34.6154,33.284,49.2604,234764,17895,352180,9
Mali,MLI,10240700,112382,94009,135398,0.012274092,124169,104458,148636,0.00711966,28.7493,24.0491,34.6372,22.6097,19.084,26.774,28.1665,23.6952,33.7165,8718940,437094,17440300,34974
Malta,MLT,52233,806,699,931,0.002228551,808,701,933,0.001913382,36.1042,31.3112,41.7035,50,50,50,36.1386,31.3529,41.7294,281705,79965,422289,292
Mauritania,MRT,1780600,12433,7565,19056,0.005107608,13687,8763,20634,0.003408618,18.5072,11.2609,28.3659,12.5199,9.71443,16.0044,17.9586,11.4979,27.0738,2301890,132322,4015410,2458
Mauritius,MUS,225513,8127,6709,9573,0.007898543,8208,6799,9641,0.006461211,30.9339,25.5366,36.4379,28.3951,25.2401,31.1995,30.9089,25.603,36.3051,908236,120688,1270350,2537
Mexico,MEX,15907300,196399,180010,213312,0.002180677,198239,181755,215242,0.001596796,58.8959,53.9812,63.9678,106.522,94.9433,118.911,59.338,54.4039,64.4274,82195400,7867910,124148000,117631
Mongolia,MNG,566694,413,322,523,0.000199118,413,322,524,0.000141712,35.5932,27.7506,45.0733,0,0,0,35.5932,27.7506,45.1594,1954370,119772,2914360,147
Montenegro,MNE,100560,266,-31.4125,554,0.000524873,268,-31.409,557,0.000430596,33.8346,-3.9956,70.4675,100,0,150,34.3284,-4.02321,71.3466,420579,86210,622393,92
Morocco,MAR,4783870,23855,20486,27680,0.000969972,24309,20818,28217,0.000719868,35.3678,30.3729,41.0389,107.709,82.324,131.671,36.7189,31.4457,42.622,22436900,2156600,33768700,8926
Mozambique,MOZ,,1393310,1128180,1713300,0.102818269,1505910,1206580,1872240,0.060401901,52.995,42.9108,65.166,57.0844,41.1441,80.1778,53.3008,42.7062,66.2671,12924300,626891,24931500,802659
Myanmar,MMR,13663100,215312,188411,250269,0.005860386,224795,196942,260863,0.004445506,46.1674,40.3993,53.6629,74.7232,63.4158,86.4876,47.3721,41.5025,54.9728,34003000,2737240,50566800,106490
Namibia,NAM,605169,200377,185028,217831,0.136067629,210847,195213,229001,0.091386529,67.1165,61.9753,72.9627,95.6065,85.708,104.272,68.5312,63.4497,74.4318,1388550,84078,2307200,144496
Nepal,NPL,5232940,37807,32520,44494,0.001980725,39397,34083,46263,0.001405615,29.1718,25.4635,34.8393,58.0556,49.1043,66.5685,30.7314,26.5862,36.0872,17468200,1619260,28028300,11922
Netherlands,NLD,2008460,26747,25035,29064,0.001900034,26781,25070,29102,0.001590736,62.3696,58.3775,67.7725,408.824,360.727,480.969,62.8095,58.7966,68.2529,11003000,3074120,16835600,16821
New Zealand,NZL,463069,3546,3328,3842,0.000993293,3555,3337,3852,0.000796139,58.0654,54.4957,62.9124,255.556,198.765,283.951,58.5654,54.974,63.4582,2901070,668874,4465300,2082
Nicaragua,NIC,882030,9749,7410,13928,0.002365655,9925,7550,14296,0.001683416,33.1111,25.167,47.3045,68.9266,47.1193,131.233,33.7531,25.6762,48.6181,3830100,290957,5895750,3350
Niger,NER,10249100,43034,37767,48879,0.004343287,48951,43490,55060,0.00244711,27.8036,24.4007,31.58,15.5822,13.3727,18.0103,26.3263,23.3893,29.6118,9378790,529375,20003600,12887
Nigeria,NGA,,3195000,2441040,4180000,0.029686348,3455700,2624570,4535310,0.018050144,24.5763,18.7768,32.1531,16.7449,12.2177,22.8293,23.9855,18.2167,31.4789,101056000,6569230,191450000,828867
Norway,NOR,579024,4555,4121,5164,0.001059522,4556,4121,5164,0.000873038,86.7398,78.4753,98.3369,101.916,88.2306,117.484,86.7339,78.4527,98.3086,3442890,856217,5218560,3951.6
Oman,OMN,189854,2610,0,6404,0.001695023,2645,0,6467,0.001184065,40.8812,0,100.308,88.5714,0,212.571,41.5123,0,101.497,1447510,92292,2233830,1098
Pakistan,PAK,58839000,99514,74529,160321,0.000817667,102042,76815,164652,0.000546231,6.46442,4.56052,9.81023,4.86022,3.58506,7.58749,6.0588,4.56093,9.7763,113092000,8612730,186811000,6564
Panama,PAN,546517,16924,15455,18361,0.006003852,17101,15616,18554,0.004432941,59.4718,54.3096,64.5214,91.5254,75.4955,115.312,59.8035,54.6104,64.8848,2523110,295747,3857710,10227
Papua New Guinea,PNG,2415630,36854,33365,40513,0.007705362,40110,36545,43903,0.005300381,54.3442,49.1994,59.7397,35.9337,32.7442,39.3328,52.8497,48.1524,57.8474,4548990,233913,7567380,21198
Paraguay,PRY,1206680,17195,12104,26738,0.003739099,17499,12294,27228,0.002659956,30.9625,21.7953,48.1463,57.7558,35.0728,100.644,31.4247,22.0775,48.896,4214940,383761,6578680,5499
Peru,PER,4709780,65135,55419,78208,0.002939763,66195,56374,79464,0.002154715,55.7504,47.4342,66.9398,83.7736,61.9608,108.511,56.1991,47.8611,67.4644,20079600,2076950,30721000,37201
Philippines,PHL,19104500,42071,29680,123620,0.00062482,42453,29981,124165,0.000421746,29.6927,19.4353,80.9497,10.1385,7.85599,16.4286,27.3953,19.347,80.1248,63201800,4131230,100660000,12533
Poland,POL,6472600,27680,25394,30577,0.000847512,27832,25541,30753,0.000723086,30.6828,28.1488,33.8941,74.8344,63.9314,86.7287,30.9212,28.376,34.1665,26688400,5971890,38490600,8606
Portugal,PRT,1478070,36477,33600,40424,0.004179935,36502,33624,40452,0.003591656,67.5001,62.1762,74.8039,104,91.52,120.64,67.5251,62.2011,74.8322,6638190,2088500,10163000,24648
Republic of Korea,QAT,4656320,21548,20087,23304,0.000507761,21556,20093,23313,0.000438314,79.2835,71.9619,83.4868,77.5194,29.0698,125.969,77.1961,71.9568,83.4882,35928700,6508560,49179400,17093
Republic of Moldova,MDA,,17843,15321,21183.5,0.005070065,17985,15440.1,21388.7,0.004268443,20.983,18.0172,24.9113,74.6479,52.2179,110.89,21.4067,18.3777,25.458,3020580,498704,4213480,3850
Romania,ROU,4144880,13595,11888,14962,0.000837856,13632,11924,15001,0.000710403,75.822,65.4211,82.3377,701.501,606.704,815.258,76.3866,66.8158,84.0577,12863300,3362630,19189100,10551
Russian Federation,RUS,42266800,1149990,1071050,1240420,0.009645002,1150790,1071920,1241260,0.007993929,18.8682,17.573,20.352,41.791,39.0362,44.9098,18.8842,17.5899,20.3688,99566900,19664800,143958000,217317
Rwanda,RWA,3630650,190642,168556,211277,0.03095116,201875,178932,223740,0.01879638,78.9238,69.7805,87.4665,73.5868,60.57,85.9353,78.6269,69.691,87.1429,5841930,317516,10740100,158728
Senegal,SEN,4060490,41021,34063,50486,0.004874893,45795,38288,56035,0.003063662,41.9102,34.8014,51.5804,24.7853,20.5791,29.8223,40.1245,33.547,49.0965,7973460,441289,14947800,18375
Serbia,SRB,1806410,4918,4142,5600,0.000670497,4945,4170,5627,0.000565242,28.2432,23.4691,31.7303,41.3223,36.5544,47.6796,27.9375,23.559,31.7905,5818330,1516530,8748460,1400
Sierra Leone,SLE,4674840,46670,39603,53762,0.01252428,51065,43831,58462,0.007956442,28.8537,24.4845,33.2383,13.083,11.3208,14.9049,27.4963,23.6011,31.4793,3550430,175932,6418070,14041
Singapore,SGP,491246,5714,5235,6265,0.001198012,5761,5277,6314,0.0010375,26.8288,24.5798,29.4159,0,0,0,26.61,24.3744,29.1643,4052550,717018,5552770,1533
Slovakia,SVK,905823,1437,840,1814,0.000313807,1440,842,1817,0.00026629,55.7411,30.8374,66.594,98.6842,32.8947,131.579,52.8457,30.9001,66.681,3828030,751216,5407640,804
Slovenia,SVN,287272,837,705,987,0.000481384,837,705,988,0.000410005,80.7646,66.2922,92.8091,0,0,0,78.6847,66.2757,92.88,1358610,380125,2041440,676
Somalia,SLB,7329510,27104,18267,36839,0.004705649,30206,21261,40857,0.002809834,8.1095,5.46548,11.0222,3.61057,2.77486,4.70352,7.64749,5.38281,10.3441,5452510,307376,10750100,2310
South Africa,ZAF,21531300,6749390,6430230,7187860,0.17457024,6984580,6657630,7442770,0.128866552,47.549,45.3006,50.638,74.3609,67.7953,82.4366,48.4518,46.1838,51.6302,35716900,2945990,54200100,3384160
South Sudan,SSD,7095660,165069,105998,224214,0.022896726,179120,114854,243744,0.014663818,11.4043,7.32321,15.4905,5.18113,3.378,7.17341,10.9161,6.99957,14.8545,6771390,437894,12215100,19553
Spain,ESP,5465890,148856,126329,175610,0.003845887,148879,126350,175637,0.003272418,73.6282,62.4857,86.8615,1739.13,1436.67,2041.59,73.8855,62.7048,87.1649,30147900,8557350,45495100,110000
Sri Lanka,LKA,3231290,4079,2783,6375,0.00025516,4158,2835,6471,0.000195202,18.8281,12.846,29.4262,45.5696,32.3025,66.3355,19.3362,13.1838,30.0925,14036000,1950060,21301000,804
Sudan,SDN,15012200,52418,29753,85080,0.002201961,55920,32527,89752,0.001408468,7.61952,4.32492,12.3673,11.2507,8.88299,14.5019,7.84692,4.56432,12.5944,22450700,1354450,39702700,4388
Suriname,SUR,105693,3735,3263,4342,0.009333976,3809,3329,4422,0.00696004,53.6011,46.8274,62.3121,100,89.1892,112.162,54.5025,47.6342,63.2738,366775,33376,547267,2076
Swaziland,SWZ,566890,208247,192284,225357,0.278324708,218550,202409,236058,0.185788122,66.849,61.7247,72.3414,78.2588,74.0431,83.6669,67.3869,62.41,72.7852,713185,35031,1176340,147274
Sweden,SWE,1158740,10346,9401,11616,0.001277174,10354,9408,11626,0.001058941,95.0029,84.2862,104.145,105.541,75.3864,150.773,92.7678,84.292,104.164,6124020,1976680,9777690,9837
Switzerland,CHE,894796,16914,15224,19446,0.002385045,16916,15226,19449,0.002042467,95.0041,83.9074,107.177,89.2857,89.2857,89.2857,93.2213,83.908,107.18,5563970,1527720,8282140,16071
Tajikistan,TJK,1919470,15825,12625,19592,0.002909751,16185,12904,20011,0.001914349,16.6698,13.0522,20.2549,130.211,101.999,163.125,19.0138,15.1594,23.5085,5182070,256539,8454570,3139
Thailand,THA,12586300,434021,398933,481430,0.008059487,438101,402442,485188,0.00670978,64.1264,59.4556,71.7506,104.448,89.4759,121.852,65.0195,59.7272,72.0078,46671700,7180490,65292900,282135
The former Yugoslav Republic of Macedonia,MKD,332734,204,18,233,0.000118307,205,18,234,9.88E-05,38.7255,3.41696,44.2306,0,0,0,38.5366,3.3837,43.9881,1468310,256024,2074890,79
Timor-Leste,TLS,265748,480,263,1061,0.000733961,508,281,1104,0.000425675,37.7083,19.2315,77.584,65.4236,43.6157,128.424,36.7963,20.3539,79.9668,615315,38671,1193400,201
Togo,TGO,3271580,97216,83545,113951,0.023973377,106260,91689,124297,0.015149247,41.7061,35.8412,48.8855,33.8125,28.5746,40.658,41.0343,35.4074,47.9996,3859350,195815,7014210,43603
Trinidad and Tobago,TTO,312965,10733,10108,11353,0.01010313,10812,10183,11436,0.008002605,61.3901,57.8153,64.9364,165.823,136.436,207.803,62.1532,58.5373,65.7402,940863,121481,1351060,6720
Tunisia,TUN,1546180,2571,1727,3715,0.000303702,2598,1743,3756,0.000234333,27.7713,18.6546,40.1285,74.0741,52.1262,115.226,28.2525,18.9546,40.8454,7636170,829355,11086800,734
Turkey,TUR,10751100,22461,17401,25527,0.000386915,22765,17660,25859,0.000293337,58.8887,42.8142,62.8078,0,0,0,54.5301,42.3018,61.9413,52115600,5935940,77607000,13227
Uganda,UGA,16635000,1366110,1260710,1493490,0.071362841,1461740,1349540,1595710,0.039892473,56.7234,52.347,62.0126,62.7675,55.3565,71.3731,57.1188,52.7345,62.3536,18319200,823956,36642000,834931
Ukraine,UKR,12852500,215760,186745,246045,0.005736986,218972,189333,249856,0.004924005,27.0384,23.4023,30.8336,75.1868,60.8845,93.0472,27.7446,23.9893,31.6578,30698300,6910300,44470300,60753
United Kingdom,GBR,8361040,113270,104653,125629,0.002130918,113317,104697,125680,0.001754717,81.6668,75.454,90.5776,100,87.234,112.766,81.6744,75.4615,90.5852,41763200,11392300,64578500,92551
United Republic of Tanzania,TZA,23807600,1294430,1154130,1459480,0.047450284,1385780,1232720,1557790,0.028091236,53.1976,47.4317,59.9809,56.3463,47.2516,65.4156,53.4052,47.5067,60.0342,26077300,1202410,49331400,740078
United States of America,USA,45987400,1368620,1238700,1527080,0.005268778,1370550,1240390,1529150,0.004292573,50.0008,45.2542,55.7899,98.7047,83.9757,116.349,50.0694,45.3142,55.8633,211651000,48109400,319284000,686228
Uruguay,URY,560761,10105,8641,11824,0.003724803,10137,8669,11855,0.002932871,59.3765,50.7741,69.4773,353.125,286.914,419.336,60.3038,51.5709,70.524,2223900,488995,3456340,6113
Uzbekistan,UZB,7058270,32058,23566,46002,0.001517375,32704,24041,46969,0.001099313,26.8607,19.7454,38.5441,708.204,483.465,1108.35,40.3192,29.639,57.9059,19755700,1371570,29749500,13186
Venezuela,VEN,4794080,105242,96838,114198,0.00478639,107329,98875,116391,0.00352482,59.0857,54.3675,64.1139,54.8634,50.3419,60.5943,59.0036,54.3561,63.9854,20037600,1950160,30449500,63328
Viet Nam,VNM,14018700,250220,224132,282651,0.003573946,255113,228400,288330,0.002800442,40.5675,36.2048,45.6576,99.2521,79.8601,123.654,41.5452,37.195,46.9546,63765900,6246350,91097400,106373
Yemen,YEM,8677120,8757,5394,15353,0.000544288,9194,5694,16046,0.000343916,13.8746,8.54627,24.3253,32.0366,21.26,50.4375,14.7379,9.12741,25.7215,15291100,797813,26733300,1355
Zambia,ZMB,8864720,1126460,1067610,1194670,0.131529937,1211880,1150660,1279330,0.076467508,62.74,59.4623,66.5388,60.7621,54.9534,66.9194,62.6006,59.4381,66.0845,8134410,429876,15848300,758646
Zimbabwe,ZWE,,1349070,1227950,1463090,0.149324637,1425760,1294900,1545550,0.096405485,60.5897,55.1497,65.7108,79.6213,70.1051,88.8677,61.6134,55.9582,66.7899,8548650,485827,14789200,878461